"warning id","project","bug_pattern","commit","last_commit_checked","?","bug pattern category","package","class","field","method","type","expr","idents","start_line","end_line","label (automatically determined)","commit url","commit url (of the version compared to, if closed)","code (if open)","label"
"155","derby","DM_DEFAULT_ENCODING","A","last","null","I18N","org.apache.derby.impl.services.monitor","org.apache.derby.impl.services.monitor.StorageFactoryService","null","resolveServicePropertiesFiles","null","BufferedReader","BufferedReader,FileReader,bin,spf,getPath","523","523","close","https://github.com/apache/derby/tree/9495437c8b640d689c8a67563097b86cb0cd6fca//java/engine/org/apache/derby/impl/services/monitor/StorageFactoryService.java#L523","https://github.com/apache/derby/tree/33427bdb982a7dd5b9e629ccec9c40f2b96412b4//java/engine/org/apache/derby/impl/services/monitor/StorageFactoryService.java","","close"
"307","derby","DM_DEFAULT_ENCODING","C","last","null","I18N","org.apache.derby.client.am","org.apache.derby.client.am.LogWriter$1","null","run","null","return new PrintWriter(","","700","700","close","https://github.com/apache/derby/tree/acbecbb96a5ae0a3b6bc5948b03f061dfea91662//java/client/org/apache/derby/client/am/LogWriter.java#L700","https://github.com/apache/derby/tree/33427bdb982a7dd5b9e629ccec9c40f2b96412b4//java/client/org/apache/derby/client/am/LogWriter.java","","unknown"
"1717","lucene-solr","DM_DEFAULT_ENCODING","A","last","null","I18N","org.apache.lucene.queryparser.xml","org.apache.lucene.queryparser.xml.QueryTemplateManager","null","getQueryAsXmlString","null","return baos.toString();","","104","104","close","https://github.com/apache/lucene-solr/tree/c0600cc6dc84d20ab47cc321cd0e893a11c0f303//modules/queryparser/src/java/org/apache/lucene/queryparser/xml/QueryTemplateManager.java#L104","https://github.com/apache/lucene-solr/tree/3291ef884d26e3f8cb43707f2acdf674f3e51c01//modules/queryparser/src/java/org/apache/lucene/queryparser/xml/QueryTemplateManager.java","","unknown"
"1782","lucene-solr","DM_DEFAULT_ENCODING","A","last","null","I18N","org.apache.solr.update","org.apache.solr.update.SolrIndexWriter","null","toInfoStream","null","PrintStream","PrintStream,PrintStreamInfoStream,fos,true","77","77","close","https://github.com/apache/lucene-solr/tree/c0600cc6dc84d20ab47cc321cd0e893a11c0f303//solr/core/src/java/org/apache/solr/update/SolrIndexWriter.java#L77","https://github.com/apache/lucene-solr/tree/3291ef884d26e3f8cb43707f2acdf674f3e51c01//solr/core/src/java/org/apache/solr/update/SolrIndexWriter.java","","unknown"
"1820","lucene-solr","DM_DEFAULT_ENCODING","A","last","null","I18N","org.apache.lucene.benchmark.byTask.feeds","org.apache.lucene.benchmark.byTask.feeds.DirContentSource","null","getNextDocData","null","BufferedReader reader = new BufferedReader(new FileReader(f));","","198","198","close","https://github.com/apache/lucene-solr/tree/c0600cc6dc84d20ab47cc321cd0e893a11c0f303//modules/benchmark/src/java/org/apache/lucene/benchmark/byTask/feeds/DirContentSource.java#L198","https://github.com/apache/lucene-solr/tree/3291ef884d26e3f8cb43707f2acdf674f3e51c01//modules/benchmark/src/java/org/apache/lucene/benchmark/byTask/feeds/DirContentSource.java","","unknown"
"1910","lucene-solr","DM_DEFAULT_ENCODING","A","last","null","I18N","org.apache.lucene.benchmark.byTask.tasks","org.apache.lucene.benchmark.byTask.tasks.CreateIndexTask","null","configureWriter","null","BufferedOutputStream","BufferedOutputStream,FileOutputStream,PrintStream,f,iwc,setInfoStream","187","187","close","https://github.com/apache/lucene-solr/tree/c0600cc6dc84d20ab47cc321cd0e893a11c0f303//modules/benchmark/src/java/org/apache/lucene/benchmark/byTask/tasks/CreateIndexTask.java#L187","https://github.com/apache/lucene-solr/tree/3291ef884d26e3f8cb43707f2acdf674f3e51c01//modules/benchmark/src/java/org/apache/lucene/benchmark/byTask/tasks/CreateIndexTask.java","","unknown"
"2025","lucene-solr","DM_DEFAULT_ENCODING","A","last","null","I18N","org.apache.solr.handler.dataimport","org.apache.solr.handler.dataimport.FileDataSource","null","openStream","null","FileInputStream","FileInputStream,InputStreamReader,file","128","128","close","https://github.com/apache/lucene-solr/tree/c0600cc6dc84d20ab47cc321cd0e893a11c0f303//solr/contrib/dataimporthandler/src/java/org/apache/solr/handler/dataimport/FileDataSource.java#L128","https://github.com/apache/lucene-solr/tree/3291ef884d26e3f8cb43707f2acdf674f3e51c01//solr/contrib/dataimporthandler/src/java/org/apache/solr/handler/dataimport/FileDataSource.java","","close"
"2176","lucene-solr","DM_DEFAULT_ENCODING","A","last","null","I18N","org.apache.lucene.benchmark.byTask.utils","org.apache.lucene.benchmark.byTask.utils.Config","null","<init>","null","ByteArrayInputStream","ByteArrayInputStream,props,sb,getBytes,load,toString","83","83","close","https://github.com/apache/lucene-solr/tree/c0600cc6dc84d20ab47cc321cd0e893a11c0f303//modules/benchmark/src/java/org/apache/lucene/benchmark/byTask/utils/Config.java#L83","https://github.com/apache/lucene-solr/tree/3291ef884d26e3f8cb43707f2acdf674f3e51c01//modules/benchmark/src/java/org/apache/lucene/benchmark/byTask/utils/Config.java","","unknown"
"2186","lucene-solr","DM_DEFAULT_ENCODING","A","last","null","I18N","org.apache.lucene.codecs","org.apache.lucene.codecs.BlockTreeTermsReader$Stats","null","toString","null","bos","bos,toString","385","385","close","https://github.com/apache/lucene-solr/tree/c0600cc6dc84d20ab47cc321cd0e893a11c0f303//lucene/src/java/org/apache/lucene/codecs/BlockTreeTermsReader.java#L385","https://github.com/apache/lucene-solr/tree/3291ef884d26e3f8cb43707f2acdf674f3e51c01//lucene/src/java/org/apache/lucene/codecs/BlockTreeTermsReader.java","","unknown"
"2189","lucene-solr","DM_DEFAULT_ENCODING","A","last","null","I18N","org.apache.lucene.search","org.apache.lucene.search.TestFieldCache","null","testInfoStream","null","assertTrue","assertTrue,bos,indexOf,toString","122","122","close","https://github.com/apache/lucene-solr/tree/c0600cc6dc84d20ab47cc321cd0e893a11c0f303//lucene/src/test/org/apache/lucene/search/TestFieldCache.java#L122","https://github.com/apache/lucene-solr/tree/3291ef884d26e3f8cb43707f2acdf674f3e51c01//lucene/src/test/org/apache/lucene/search/TestFieldCache.java","","unknown"
"2221","lucene-solr","DM_DEFAULT_ENCODING","A","last","null","I18N","org.apache.lucene.search.spans","org.apache.lucene.search.spans.TestPayloadSpans","null","testShrinkToAfterShortestMatch3","null","String","String,payload,payloadSet,add","350","350","close","https://github.com/apache/lucene-solr/tree/c0600cc6dc84d20ab47cc321cd0e893a11c0f303//lucene/src/test/org/apache/lucene/search/spans/TestPayloadSpans.java#L350","https://github.com/apache/lucene-solr/tree/3291ef884d26e3f8cb43707f2acdf674f3e51c01//lucene/src/test/org/apache/lucene/search/spans/TestPayloadSpans.java","","unknown"
"2282","lucene-solr","DM_DEFAULT_ENCODING","A","last","null","I18N","org.apache.lucene.index","org.apache.lucene.index.TestCheckIndex","null","testDeletedDocs","null","System","System,bos,out,println,toString","60","60","close","https://github.com/apache/lucene-solr/tree/c0600cc6dc84d20ab47cc321cd0e893a11c0f303//lucene/src/test/org/apache/lucene/index/TestCheckIndex.java#L60","https://github.com/apache/lucene-solr/tree/3291ef884d26e3f8cb43707f2acdf674f3e51c01//lucene/src/test/org/apache/lucene/index/TestCheckIndex.java","","unknown"
"2316","lucene-solr","DM_DEFAULT_ENCODING","A","last","null","I18N","org.apache.lucene.search.spans","org.apache.lucene.search.spans.TestPayloadSpans","null","testPayloadSpanUtil","null","String","String,System,bytes,out,println","386","386","close","https://github.com/apache/lucene-solr/tree/c0600cc6dc84d20ab47cc321cd0e893a11c0f303//lucene/src/test/org/apache/lucene/search/spans/TestPayloadSpans.java#L386","https://github.com/apache/lucene-solr/tree/3291ef884d26e3f8cb43707f2acdf674f3e51c01//lucene/src/test/org/apache/lucene/search/spans/TestPayloadSpans.java","","unknown"
"2345","lucene-solr","DM_DEFAULT_ENCODING","A","last","null","I18N","org.apache.solr.common.util","org.apache.solr.common.util.ContentStreamBase$FileStream","null","getReader","null","charset","charset,null","118","118","close","https://github.com/apache/lucene-solr/tree/c0600cc6dc84d20ab47cc321cd0e893a11c0f303//solr/solrj/src/java/org/apache/solr/common/util/ContentStreamBase.java#L118","https://github.com/apache/lucene-solr/tree/3291ef884d26e3f8cb43707f2acdf674f3e51c01//solr/solrj/src/java/org/apache/solr/common/util/ContentStreamBase.java","","unknown"
"2421","lucene-solr","DM_DEFAULT_ENCODING","A","last","null","I18N","org.apache.lucene.search.spans","org.apache.lucene.search.spans.TestBasics","null","testComplexSpanChecks","null","Payload","Payload,getBytes","473","473","close","https://github.com/apache/lucene-solr/tree/c0600cc6dc84d20ab47cc321cd0e893a11c0f303//lucene/src/test/org/apache/lucene/search/spans/TestBasics.java#L473","https://github.com/apache/lucene-solr/tree/3291ef884d26e3f8cb43707f2acdf674f3e51c01//lucene/src/test/org/apache/lucene/search/spans/TestBasics.java","","unknown"
"2512","lucene-solr","DM_DEFAULT_ENCODING","A","last","null","I18N","org.apache.lucene.search.suggest.jaspell","org.apache.lucene.search.suggest.jaspell.JaspellTernarySearchTrie","null","<init>","null","BufferedReader","BufferedReader,GZIPInputStream,InputStreamReader,in","202","202","close","https://github.com/apache/lucene-solr/tree/c0600cc6dc84d20ab47cc321cd0e893a11c0f303//modules/suggest/src/java/org/apache/lucene/search/suggest/jaspell/JaspellTernarySearchTrie.java#L202","https://github.com/apache/lucene-solr/tree/3291ef884d26e3f8cb43707f2acdf674f3e51c01//modules/suggest/src/java/org/apache/lucene/search/suggest/jaspell/JaspellTernarySearchTrie.java","","unknown"
"2674","lucene-solr","DM_DEFAULT_ENCODING","A","last","null","I18N","org.apache.lucene.index","org.apache.lucene.index.TestPayloads","null","testPayloadFieldBit","null","analyzer","analyzer,getBytes,setPayloadData","109","109","close","https://github.com/apache/lucene-solr/tree/c0600cc6dc84d20ab47cc321cd0e893a11c0f303//lucene/src/test/org/apache/lucene/index/TestPayloads.java#L109","https://github.com/apache/lucene-solr/tree/3291ef884d26e3f8cb43707f2acdf674f3e51c01//lucene/src/test/org/apache/lucene/index/TestPayloads.java","","unknown"
"2738","lucene-solr","DM_DEFAULT_ENCODING","A","last","null","I18N","org.apache.lucene.analysis.wikipedia","org.apache.lucene.analysis.wikipedia.WikipediaTokenizerImpl","null","<init>","null","InputStreamReader","InputStreamReader,in,this","521","521","close","https://github.com/apache/lucene-solr/tree/c0600cc6dc84d20ab47cc321cd0e893a11c0f303//modules/analysis/common/src/java/org/apache/lucene/analysis/wikipedia/WikipediaTokenizerImpl.java#L521","https://github.com/apache/lucene-solr/tree/3291ef884d26e3f8cb43707f2acdf674f3e51c01//modules/analysis/common/src/java/org/apache/lucene/analysis/wikipedia/WikipediaTokenizerImpl.java","","unknown"
"2739","lucene-solr","DM_DEFAULT_ENCODING","A","last","null","I18N","org.apache.lucene.analysis.charfilter","org.apache.lucene.analysis.charfilter.HTMLStripCharFilter","null","main","null","HTMLStripCharFilter","HTMLStripCharFilter","56","56","close","https://github.com/apache/lucene-solr/tree/c0600cc6dc84d20ab47cc321cd0e893a11c0f303//modules/analysis/common/src/java/org/apache/lucene/analysis/charfilter/HTMLStripCharFilter.java#L56","https://github.com/apache/lucene-solr/tree/3291ef884d26e3f8cb43707f2acdf674f3e51c01//modules/analysis/common/src/java/org/apache/lucene/analysis/charfilter/HTMLStripCharFilter.java","","unknown"
"2777","lucene-solr","DM_DEFAULT_ENCODING","A","last","null","I18N","org.apache.lucene.benchmark.utils","org.apache.lucene.benchmark.utils.ExtractReuters","null","extractFile","null","FileWriter","FileWriter,outFile","110","110","close","https://github.com/apache/lucene-solr/tree/c0600cc6dc84d20ab47cc321cd0e893a11c0f303//modules/benchmark/src/java/org/apache/lucene/benchmark/utils/ExtractReuters.java#L110","https://github.com/apache/lucene-solr/tree/3291ef884d26e3f8cb43707f2acdf674f3e51c01//modules/benchmark/src/java/org/apache/lucene/benchmark/utils/ExtractReuters.java","","unknown"
"2925","lucene-solr","DM_DEFAULT_ENCODING","A","last","null","I18N","org.apache.solr.search.function","org.apache.solr.search.function.FileFloatSource","null","getFloats","null","BufferedReader r = new BufferedReader(new InputStreamReader(is));","","226","226","close","https://github.com/apache/lucene-solr/tree/c0600cc6dc84d20ab47cc321cd0e893a11c0f303//solr/core/src/java/org/apache/solr/search/function/FileFloatSource.java#L226","https://github.com/apache/lucene-solr/tree/3291ef884d26e3f8cb43707f2acdf674f3e51c01//solr/core/src/java/org/apache/solr/search/function/FileFloatSource.java","","close"
"2935","lucene-solr","DM_DEFAULT_ENCODING","A","last","null","I18N","org.apache.solr.handler.dataimport","org.apache.solr.handler.dataimport.FieldReaderDataSource","null","getReader","null","InputStreamReader","InputStreamReader,blob,getBinaryStream","109","109","close","https://github.com/apache/lucene-solr/tree/c0600cc6dc84d20ab47cc321cd0e893a11c0f303//solr/contrib/dataimporthandler/src/java/org/apache/solr/handler/dataimport/FieldReaderDataSource.java#L109","https://github.com/apache/lucene-solr/tree/3291ef884d26e3f8cb43707f2acdf674f3e51c01//solr/contrib/dataimporthandler/src/java/org/apache/solr/handler/dataimport/FieldReaderDataSource.java","","close"
"2947","lucene-solr","DM_DEFAULT_ENCODING","A","last","null","I18N","org.apache.lucene.benchmark.quality.trec","org.apache.lucene.benchmark.quality.trec.QueryDriver","null","main","null","PrintWriter","PrintWriter,SubmissionReport,args","54","54","close","https://github.com/apache/lucene-solr/tree/c0600cc6dc84d20ab47cc321cd0e893a11c0f303//modules/benchmark/src/java/org/apache/lucene/benchmark/quality/trec/QueryDriver.java#L54","https://github.com/apache/lucene-solr/tree/3291ef884d26e3f8cb43707f2acdf674f3e51c01//modules/benchmark/src/java/org/apache/lucene/benchmark/quality/trec/QueryDriver.java","","unknown"
"2985","lucene-solr","DM_DEFAULT_ENCODING","A","last","null","I18N","org.apache.lucene.benchmark.utils","org.apache.lucene.benchmark.utils.ExtractWikipedia","null","create","null","FileWriter","FileWriter,f","84","84","close","https://github.com/apache/lucene-solr/tree/c0600cc6dc84d20ab47cc321cd0e893a11c0f303//modules/benchmark/src/java/org/apache/lucene/benchmark/utils/ExtractWikipedia.java#L84","https://github.com/apache/lucene-solr/tree/3291ef884d26e3f8cb43707f2acdf674f3e51c01//modules/benchmark/src/java/org/apache/lucene/benchmark/utils/ExtractWikipedia.java","","unknown"
"11431","commons-lang","DM_DEFAULT_ENCODING","B","last","null","I18N","org.apache.commons.lang3","org.apache.commons.lang3.StringUtils","null","toString","null","String","String,String,bytes,bytes,charsetName,charsetName,null","7101","7101","close","https://github.com/apache/commons-lang/tree/bc255ccf5c239666ab54e5a31720d3f482ae78eb//src/main/java/org/apache/commons/lang3/StringUtils.java#L7101","https://github.com/apache/commons-lang/tree/551101299da7f75ea5478db1a6bc194963e0ac34//src/main/java/org/apache/commons/lang3/StringUtils.java","","close"
"9689","ant","DM_DEFAULT_ENCODING","C","last","null","I18N","org.apache.tools.ant.types.selectors","org.apache.tools.ant.types.selectors.ContainsSelector","null","isSelected","null","BufferedReader","BufferedReader,InputStreamReader,in,r,getInputStream","192","192","close","https://github.com/apache/ant/tree/c92f8f160a3197e8f3df74ceb588f581d08404c0//src/main/org/apache/tools/ant/types/selectors/ContainsSelector.java#L192","https://github.com/apache/ant/tree/7a7307bc999be080c99412b1c67d111af1366ef7//src/main/org/apache/tools/ant/types/selectors/ContainsSelector.java","","close"
"9694","ant","DM_DEFAULT_ENCODING","C","last","null","I18N","org.apache.tools.ant.taskdefs","org.apache.tools.ant.taskdefs.SQLExec$Transaction","null","runTransaction","null","reader = (encoding == null) ? new InputStreamReader(is)","","1051","1051","close","https://github.com/apache/ant/tree/c92f8f160a3197e8f3df74ceb588f581d08404c0//src/main/org/apache/tools/ant/taskdefs/SQLExec.java#L1051","https://github.com/apache/ant/tree/7a7307bc999be080c99412b1c67d111af1366ef7//src/main/org/apache/tools/ant/taskdefs/SQLExec.java","","close"
"9712","ant","DM_DEFAULT_ENCODING","C","last","null","I18N","org.apache.tools.ant.taskdefs","org.apache.tools.ant.taskdefs.Jar","null","filesetManifest","null","InputStreamReader","InputStreamReader,is,isr","715","715","close","https://github.com/apache/ant/tree/c92f8f160a3197e8f3df74ceb588f581d08404c0//src/main/org/apache/tools/ant/taskdefs/Jar.java#L715","https://github.com/apache/ant/tree/7a7307bc999be080c99412b1c67d111af1366ef7//src/main/org/apache/tools/ant/taskdefs/Jar.java","","close"
"9715","ant","DM_DEFAULT_ENCODING","C","last","null","I18N","org.apache.tools.ant.types.resources","org.apache.tools.ant.types.resources.ResourceList","null","read","null","InputStreamReader","InputStreamReader,bis,input","190","190","close","https://github.com/apache/ant/tree/c92f8f160a3197e8f3df74ceb588f581d08404c0//src/main/org/apache/tools/ant/types/resources/ResourceList.java#L190","https://github.com/apache/ant/tree/7a7307bc999be080c99412b1c67d111af1366ef7//src/main/org/apache/tools/ant/types/resources/ResourceList.java","","unknown"
"9716","ant","DM_DEFAULT_ENCODING","C","last","null","I18N","org.apache.tools.ant.taskdefs","org.apache.tools.ant.taskdefs.StyleTest","null","getFileString","null","FileReader","FileReader,filename,getProject,r,resolveFile","188","188","close","https://github.com/apache/ant/tree/c92f8f160a3197e8f3df74ceb588f581d08404c0//src/tests/junit/org/apache/tools/ant/taskdefs/StyleTest.java#L188","https://github.com/apache/ant/tree/7a7307bc999be080c99412b1c67d111af1366ef7//src/tests/junit/org/apache/tools/ant/taskdefs/StyleTest.java","","unknown"
"9725","ant","DM_DEFAULT_ENCODING","C","last","null","I18N","org.apache.tools.ant.taskdefs","org.apache.tools.ant.taskdefs.CVSPassTest","null","readFile","null","BufferedReader","BufferedReader,FileReader,f,reader","108","108","close","https://github.com/apache/ant/tree/c92f8f160a3197e8f3df74ceb588f581d08404c0//src/tests/junit/org/apache/tools/ant/taskdefs/CVSPassTest.java#L108","https://github.com/apache/ant/tree/7a7307bc999be080c99412b1c67d111af1366ef7//src/tests/junit/org/apache/tools/ant/taskdefs/CVSPassTest.java","","unknown"
"9726","ant","DM_DEFAULT_ENCODING","C","last","null","I18N","org.apache.tools.ant.util","org.apache.tools.ant.util.ScriptRunnerBase","null","loadResource","null","InputStreamReader","InputStreamReader,in,name,readSource","242","242","close","https://github.com/apache/ant/tree/c92f8f160a3197e8f3df74ceb588f581d08404c0//src/main/org/apache/tools/ant/util/ScriptRunnerBase.java#L242","https://github.com/apache/ant/tree/7a7307bc999be080c99412b1c67d111af1366ef7//src/main/org/apache/tools/ant/util/ScriptRunnerBase.java","","close"
"9735","ant","DM_DEFAULT_ENCODING","C","last","null","I18N","org.apache.tools.ant.taskdefs.optional","org.apache.tools.ant.taskdefs.optional.ReplaceRegExp","null","doReplace","null","InputStreamReader","InputStreamReader,InputStreamReader,encoding,encoding,is,is,null","359","359","close","https://github.com/apache/ant/tree/c92f8f160a3197e8f3df74ceb588f581d08404c0//src/main/org/apache/tools/ant/taskdefs/optional/ReplaceRegExp.java#L359","https://github.com/apache/ant/tree/7a7307bc999be080c99412b1c67d111af1366ef7//src/main/org/apache/tools/ant/taskdefs/optional/ReplaceRegExp.java","","close"
"9743","ant","DM_DEFAULT_ENCODING","C","last","null","I18N","org.apache.tools.ant.util","org.apache.tools.ant.util.ResourceUtils","null","copyResource","null","OutputStreamWriter","OutputStreamWriter,os,osw","432","432","close","https://github.com/apache/ant/tree/c92f8f160a3197e8f3df74ceb588f581d08404c0//src/main/org/apache/tools/ant/util/ResourceUtils.java#L432","https://github.com/apache/ant/tree/7a7307bc999be080c99412b1c67d111af1366ef7//src/main/org/apache/tools/ant/util/ResourceUtils.java","","unknown"
"9750","ant","DM_DEFAULT_ENCODING","C","last","null","I18N","org.apache.tools.ant.taskdefs","org.apache.tools.ant.taskdefs.LoadProperties","null","execute","null","InputStreamReader","InputStreamReader,bis,instream","180","180","close","https://github.com/apache/ant/tree/c92f8f160a3197e8f3df74ceb588f581d08404c0//src/main/org/apache/tools/ant/taskdefs/LoadProperties.java#L180","https://github.com/apache/ant/tree/7a7307bc999be080c99412b1c67d111af1366ef7//src/main/org/apache/tools/ant/taskdefs/LoadProperties.java","","close"
"9764","ant","DM_DEFAULT_ENCODING","C","last","null","I18N","org.apache.tools.ant.taskdefs.optional.junit","org.apache.tools.ant.taskdefs.optional.junit.PlainJUnitResultFormatter","null","endTestSuite","null","out.write(sb.toString().getBytes());","","154","154","close","https://github.com/apache/ant/tree/c92f8f160a3197e8f3df74ceb588f581d08404c0//src/main/org/apache/tools/ant/taskdefs/optional/junit/PlainJUnitResultFormatter.java#L154","https://github.com/apache/ant/tree/7a7307bc999be080c99412b1c67d111af1366ef7//src/main/org/apache/tools/ant/taskdefs/optional/junit/PlainJUnitResultFormatter.java","","unknown"
"9793","ant","DM_DEFAULT_ENCODING","C","last","null","I18N","org.apache.tools.ant.filters","org.apache.tools.ant.filters.ConcatFilterTest","null","read","null","FileReader","FileReader,file","144","144","close","https://github.com/apache/ant/tree/c92f8f160a3197e8f3df74ceb588f581d08404c0//src/tests/junit/org/apache/tools/ant/filters/ConcatFilterTest.java#L144","https://github.com/apache/ant/tree/7a7307bc999be080c99412b1c67d111af1366ef7//src/tests/junit/org/apache/tools/ant/filters/ConcatFilterTest.java","","unknown"
"9801","ant","DM_DEFAULT_ENCODING","C","last","null","I18N","org.apache.tools.ant.util","org.apache.tools.ant.util.ScriptRunnerBase","null","setSrc","null","FileReader","FileReader,file,filename,readSource","200","200","close","https://github.com/apache/ant/tree/c92f8f160a3197e8f3df74ceb588f581d08404c0//src/main/org/apache/tools/ant/util/ScriptRunnerBase.java#L200","https://github.com/apache/ant/tree/7a7307bc999be080c99412b1c67d111af1366ef7//src/main/org/apache/tools/ant/util/ScriptRunnerBase.java","","close"
"9810","ant","DM_DEFAULT_ENCODING","C","last","null","I18N","org.apache.tools.ant.taskdefs.optional","org.apache.tools.ant.taskdefs.optional.EchoProperties","null","execute","null","Project","Project,log,os,MSG_INFO,toString","331","331","close","https://github.com/apache/ant/tree/c92f8f160a3197e8f3df74ceb588f581d08404c0//src/main/org/apache/tools/ant/taskdefs/optional/EchoProperties.java#L331","https://github.com/apache/ant/tree/7a7307bc999be080c99412b1c67d111af1366ef7//src/main/org/apache/tools/ant/taskdefs/optional/EchoProperties.java","","unknown"
"9888","ant","DM_DEFAULT_ENCODING","C","last","null","I18N","org.apache.tools.ant.taskdefs","org.apache.tools.ant.taskdefs.LoadResource","null","execute","null","InputStreamReader","InputStreamReader,bis,instream","164","164","close","https://github.com/apache/ant/tree/c92f8f160a3197e8f3df74ceb588f581d08404c0//src/main/org/apache/tools/ant/taskdefs/LoadResource.java#L164","https://github.com/apache/ant/tree/7a7307bc999be080c99412b1c67d111af1366ef7//src/main/org/apache/tools/ant/taskdefs/LoadResource.java","","close"
"9901","ant","DM_DEFAULT_ENCODING","C","last","null","I18N","org.apache.tools.ant.types.resources","org.apache.tools.ant.types.resources.Tokens","null","getCollection","null","InputStreamReader","InputStreamReader,cat,rdr","66","66","close","https://github.com/apache/ant/tree/c92f8f160a3197e8f3df74ceb588f581d08404c0//src/main/org/apache/tools/ant/types/resources/Tokens.java#L66","https://github.com/apache/ant/tree/7a7307bc999be080c99412b1c67d111af1366ef7//src/main/org/apache/tools/ant/types/resources/Tokens.java","","close"
"9908","ant","DM_DEFAULT_ENCODING","C","last","null","I18N","org.apache.tools.ant.taskdefs","org.apache.tools.ant.taskdefs.Jar","null","getManifest","null","InputStreamReader","InputStreamReader,fis,isr","311","311","close","https://github.com/apache/ant/tree/c92f8f160a3197e8f3df74ceb588f581d08404c0//src/main/org/apache/tools/ant/taskdefs/Jar.java#L311","https://github.com/apache/ant/tree/7a7307bc999be080c99412b1c67d111af1366ef7//src/main/org/apache/tools/ant/taskdefs/Jar.java","","close"
"9910","ant","DM_DEFAULT_ENCODING","C","last","null","I18N","org.apache.tools.ant.taskdefs","org.apache.tools.ant.taskdefs.ConcatTest","null","getFileString","null","FileReader","FileReader,filename,getProject,r,resolveFile","253","253","close","https://github.com/apache/ant/tree/c92f8f160a3197e8f3df74ceb588f581d08404c0//src/tests/junit/org/apache/tools/ant/taskdefs/ConcatTest.java#L253","https://github.com/apache/ant/tree/7a7307bc999be080c99412b1c67d111af1366ef7//src/tests/junit/org/apache/tools/ant/taskdefs/ConcatTest.java","","unknown"
"9947","ant","DM_DEFAULT_ENCODING","C","last","null","I18N","org.apache.tools.ant.filters","org.apache.tools.ant.filters.DynamicFilterTest","null","getFileString","null","FILE_UTILS","FILE_UTILS,FileReader,filename,getProject,r,getBaseDir,resolveFile","60","60","close","https://github.com/apache/ant/tree/c92f8f160a3197e8f3df74ceb588f581d08404c0//src/tests/junit/org/apache/tools/ant/filters/DynamicFilterTest.java#L60","https://github.com/apache/ant/tree/7a7307bc999be080c99412b1c67d111af1366ef7//src/tests/junit/org/apache/tools/ant/filters/DynamicFilterTest.java","","unknown"
"9825","ant","DM_DEFAULT_ENCODING","B","last","null","I18N","org.apache.tools.tar","org.apache.tools.tar.TarInputStream","null","getNextEntry","null","String","String,buf,length,longName,append","309","309","close","https://github.com/apache/ant/tree/995856afcb7f8168e970e39849bdfc9264f98c84//src/main/org/apache/tools/tar/TarInputStream.java#L309","https://github.com/apache/ant/tree/7a7307bc999be080c99412b1c67d111af1366ef7//src/main/org/apache/tools/tar/TarInputStream.java","","unknown"
"9818","ant","DM_DEFAULT_ENCODING","A","last","null","I18N","org.apache.tools.ant.taskdefs","org.apache.tools.ant.taskdefs.Execute$VmsCommandLauncher","null","createCommandFile","null","BufferedWriter","BufferedWriter,FileWriter,out,script","1217","1217","close","https://github.com/apache/ant/tree/02d9f46c2941a8ae665322e49d4d12ae7343ab3b//src/main/org/apache/tools/ant/taskdefs/Execute.java#L1217","https://github.com/apache/ant/tree/7a7307bc999be080c99412b1c67d111af1366ef7//src/main/org/apache/tools/ant/taskdefs/Execute.java","","unknown"
"9867","ant","DM_DEFAULT_ENCODING","A","last","null","I18N","org.apache.tools.tar","org.apache.tools.tar.TarOutputStream","null","putNextEntry","null","entry","entry,write,getBytes,getName","185","185","close","https://github.com/apache/ant/tree/02d9f46c2941a8ae665322e49d4d12ae7343ab3b//src/main/org/apache/tools/tar/TarOutputStream.java#L185","https://github.com/apache/ant/tree/7a7307bc999be080c99412b1c67d111af1366ef7//src/main/org/apache/tools/tar/TarOutputStream.java","","unknown"
"9967","maven","DM_DEFAULT_ENCODING","C","last","null","I18N","org.apache.maven.lifecycle.internal","org.apache.maven.lifecycle.internal.ThreadOutputMuxerTest","null","testMultiThreaded","null","PrintStream","PrintStream,byteArrayOutputStream","91","91","close","https://github.com/apache/maven/tree/93d07bdf9967303e8ff41b8f8030c72ecf59ce1c//maven-core/src/test/java/org/apache/maven/lifecycle/internal/ThreadOutputMuxerTest.java#L91","https://github.com/apache/maven/tree/a7dddcb87626fec256f1b8ccbe957f94cdf401e4//maven-core/src/test/java/org/apache/maven/lifecycle/internal/ThreadOutputMuxerTest.java","","unknown"
"9995","maven","DM_DEFAULT_ENCODING","C","last","null","I18N","org.apache.maven.lifecycle.internal","org.apache.maven.lifecycle.internal.ThreadOutputMuxerTest","null","testSingleThreaded","null","PrintStream","PrintStream,byteArrayOutputStream","65","65","close","https://github.com/apache/maven/tree/93d07bdf9967303e8ff41b8f8030c72ecf59ce1c//maven-core/src/test/java/org/apache/maven/lifecycle/internal/ThreadOutputMuxerTest.java#L65","https://github.com/apache/maven/tree/a7dddcb87626fec256f1b8ccbe957f94cdf401e4//maven-core/src/test/java/org/apache/maven/lifecycle/internal/ThreadOutputMuxerTest.java","","unknown"
"1022","tomcat","DM_DEFAULT_ENCODING","C","last","null","I18N","org.apache.catalina.util","org.apache.catalina.util.URLEncoder","null","encode","null","OutputStreamWriter","OutputStreamWriter,buf,writer","69","69","close","https://github.com/apache/tomcat/tree/411e4cc9b12bb4fd5aadfbb585db9b40afc90d3d//java/org/apache/catalina/util/URLEncoder.java#L69","https://github.com/apache/tomcat/tree/2b5ab0627098a0b6654afebb914d7c25fd98638d//java/org/apache/catalina/util/URLEncoder.java","","close"
"1038","tomcat","DM_DEFAULT_ENCODING","C","last","null","I18N","org.apache.catalina.connector","org.apache.catalina.connector.Request","null","parseParts","null","postSize += name.getBytes().length;","","2690","2690","close","https://github.com/apache/tomcat/tree/411e4cc9b12bb4fd5aadfbb585db9b40afc90d3d//java/org/apache/catalina/connector/Request.java#L2690","https://github.com/apache/tomcat/tree/2b5ab0627098a0b6654afebb914d7c25fd98638d//java/org/apache/catalina/connector/Request.java","","close"
"1226","tomcat","DM_DEFAULT_ENCODING","C","last","null","I18N","org.apache.tomcat.util.buf","org.apache.tomcat.util.buf.UDecoder","null","URLDecode","null","String","String,bytes,ox","388","388","close","https://github.com/apache/tomcat/tree/411e4cc9b12bb4fd5aadfbb585db9b40afc90d3d//java/org/apache/tomcat/util/buf/UDecoder.java#L388","https://github.com/apache/tomcat/tree/2b5ab0627098a0b6654afebb914d7c25fd98638d//java/org/apache/tomcat/util/buf/UDecoder.java","","close"
"1637","tomcat","DM_DEFAULT_ENCODING","C","last","null","I18N","org.apache.catalina.core","org.apache.catalina.core.StandardContext","null","getDeploymentDescriptor","null","br = new BufferedReader(new InputStreamReader(stream));","","6069","6069","close","https://github.com/apache/tomcat/tree/411e4cc9b12bb4fd5aadfbb585db9b40afc90d3d//java/org/apache/catalina/core/StandardContext.java#L6069","https://github.com/apache/tomcat/tree/2b5ab0627098a0b6654afebb914d7c25fd98638d//java/org/apache/catalina/core/StandardContext.java","","unknown"
"1294","tomcat","DM_DEFAULT_ENCODING","A","last","null","I18N","org.apache.catalina.util","org.apache.catalina.util.Base64","null","encode","null","String","String,encodedData,result","181","181","close","https://github.com/apache/tomcat/tree/3787242a83ee5555c79fd2e4c6b6952e9195ed8b//java/org/apache/catalina/util/Base64.java#L181","https://github.com/apache/tomcat/tree/2b5ab0627098a0b6654afebb914d7c25fd98638d//java/org/apache/catalina/util/Base64.java","","unknown"
"1144","tomcat","DM_DEFAULT_ENCODING","B","last","null","I18N","org.apache.tomcat.buildutil","org.apache.tomcat.buildutil.Txt2Html","null","convert","null","FileWriter","FileWriter,PrintWriter,to","130","130","close","https://github.com/apache/tomcat/tree/ad9a49cb08bf004af97cad465bba45d21d112325//java/org/apache/tomcat/buildutil/Txt2Html.java#L130","https://github.com/apache/tomcat/tree/2b5ab0627098a0b6654afebb914d7c25fd98638d//java/org/apache/tomcat/buildutil/Txt2Html.java","","close"
"1410","tomcat","DM_DEFAULT_ENCODING","B","last","null","I18N","org.apache.catalina.util","org.apache.catalina.util.RequestUtil","null","URLDecode","null","String","String,bytes,ox","233","233","close","https://github.com/apache/tomcat/tree/ad9a49cb08bf004af97cad465bba45d21d112325//java/org/apache/catalina/util/RequestUtil.java#L233","https://github.com/apache/tomcat/tree/2b5ab0627098a0b6654afebb914d7c25fd98638d//java/org/apache/catalina/util/RequestUtil.java","","unknown"
"9469","jmeter","DM_DEFAULT_ENCODING","C","last","null","I18N","org.apache.jorphan.io","org.apache.jorphan.io.TextFile","null","getText","null","FileReader","FileReader,reader,this","141","141","close","https://github.com/apache/jmeter/tree/032cc396b962c0b5ac6a31f0b756d624be34efd0//src/jorphan/org/apache/jorphan/io/TextFile.java#L141","https://github.com/apache/jmeter/tree/b3f452902a78827bd885e6dbf30b14d11fb4df93//src/jorphan/org/apache/jorphan/io/TextFile.java","","open"
"9472","jmeter","DM_DEFAULT_ENCODING","C","last","null","I18N","org.apache.jmeter.visualizers","org.apache.jmeter.visualizers.StatGraphVisualizer","null","actionPerformed","null","writer = new FileWriter(chooser.getSelectedFile()); // TODO Charset ?","","569","569","close","https://github.com/apache/jmeter/tree/032cc396b962c0b5ac6a31f0b756d624be34efd0//src/components/org/apache/jmeter/visualizers/StatGraphVisualizer.java#L569","https://github.com/apache/jmeter/tree/b3f452902a78827bd885e6dbf30b14d11fb4df93//src/components/org/apache/jmeter/visualizers/StatGraphVisualizer.java","","close"
"9475","jmeter","DM_DEFAULT_ENCODING","C","last","null","I18N","org.apache.jmeter.protocol.http.proxy","org.apache.jmeter.protocol.http.proxy.Proxy","null","run","null","log.debug(port + ""Initial request: "" + new String(ba));","","180","180","close","https://github.com/apache/jmeter/tree/032cc396b962c0b5ac6a31f0b756d624be34efd0//src/protocol/http/org/apache/jmeter/protocol/http/proxy/Proxy.java#L180","https://github.com/apache/jmeter/tree/b3f452902a78827bd885e6dbf30b14d11fb4df93//src/protocol/http/org/apache/jmeter/protocol/http/proxy/Proxy.java","","open"
"9485","jmeter","DM_DEFAULT_ENCODING","C","last","null","I18N","org.apache.jmeter.protocol.http.control","org.apache.jmeter.protocol.http.control.AuthManager","null","save","null","FileWriter","FileWriter,PrintWriter,file,writer","280","280","close","https://github.com/apache/jmeter/tree/032cc396b962c0b5ac6a31f0b756d624be34efd0//src/protocol/http/org/apache/jmeter/protocol/http/control/AuthManager.java#L280","https://github.com/apache/jmeter/tree/b3f452902a78827bd885e6dbf30b14d11fb4df93//src/protocol/http/org/apache/jmeter/protocol/http/control/AuthManager.java","","open"
"9487","jmeter","DM_DEFAULT_ENCODING","C","last","null","I18N","org.apache.jmeter.protocol.http.util.accesslog","org.apache.jmeter.protocol.http.util.accesslog.TCLogParser","null","getReader","null","BufferedReader","BufferedReader,FileReader,file","211","211","close","https://github.com/apache/jmeter/tree/032cc396b962c0b5ac6a31f0b756d624be34efd0//src/protocol/http/org/apache/jmeter/protocol/http/util/accesslog/TCLogParser.java#L211","https://github.com/apache/jmeter/tree/b3f452902a78827bd885e6dbf30b14d11fb4df93//src/protocol/http/org/apache/jmeter/protocol/http/util/accesslog/TCLogParser.java","","open"
"9489","jmeter","DM_DEFAULT_ENCODING","C","last","null","I18N","org.apache.jmeter.protocol.http.sampler","org.apache.jmeter.protocol.http.sampler.HTTPSamplerBase","null","errorResult","null","PrintStream","PrintStream,e,text,printStackTrace","872","872","close","https://github.com/apache/jmeter/tree/032cc396b962c0b5ac6a31f0b756d624be34efd0//src/protocol/http/org/apache/jmeter/protocol/http/sampler/HTTPSamplerBase.java#L872","https://github.com/apache/jmeter/tree/b3f452902a78827bd885e6dbf30b14d11fb4df93//src/protocol/http/org/apache/jmeter/protocol/http/sampler/HTTPSamplerBase.java","","open"
"9494","jmeter","DM_DEFAULT_ENCODING","C","last","null","I18N","org.apache.jmeter.samplers","org.apache.jmeter.samplers.SampleResult","null","setResponseData","null","response","response,responseData,getBytes","670","670","close","https://github.com/apache/jmeter/tree/032cc396b962c0b5ac6a31f0b756d624be34efd0//src/core/org/apache/jmeter/samplers/SampleResult.java#L670","https://github.com/apache/jmeter/tree/b3f452902a78827bd885e6dbf30b14d11fb4df93//src/core/org/apache/jmeter/samplers/SampleResult.java","","open"
"9507","jmeter","DM_DEFAULT_ENCODING","C","last","null","I18N","org.apache.jmeter.util","org.apache.jmeter.util.BeanShellClient","null","sendLine","null","line","line,outPipe,getBytes,write","85","85","close","https://github.com/apache/jmeter/tree/032cc396b962c0b5ac6a31f0b756d624be34efd0//src/core/org/apache/jmeter/util/BeanShellClient.java#L85","https://github.com/apache/jmeter/tree/b3f452902a78827bd885e6dbf30b14d11fb4df93//src/core/org/apache/jmeter/util/BeanShellClient.java","","open"
"9518","jmeter","DM_DEFAULT_ENCODING","C","last","null","I18N","org.apache.jmeter.util","org.apache.jmeter.util.JMeterUtils","null","getResourceFileAsText","null","BufferedReader","BufferedReader,InputStreamReader,fileReader,is","614","614","close","https://github.com/apache/jmeter/tree/032cc396b962c0b5ac6a31f0b756d624be34efd0//src/core/org/apache/jmeter/util/JMeterUtils.java#L614","https://github.com/apache/jmeter/tree/b3f452902a78827bd885e6dbf30b14d11fb4df93//src/core/org/apache/jmeter/util/JMeterUtils.java","","open"
"9529","jmeter","DM_DEFAULT_ENCODING","C","last","null","I18N","org.apache.jorphan.logging","org.apache.jorphan.logging.LoggingManager","null","makeWriter","null","PrintWriter","PrintWriter,System,wt,out","196","196","close","https://github.com/apache/jmeter/tree/032cc396b962c0b5ac6a31f0b756d624be34efd0//src/jorphan/org/apache/jorphan/logging/LoggingManager.java#L196","https://github.com/apache/jmeter/tree/b3f452902a78827bd885e6dbf30b14d11fb4df93//src/jorphan/org/apache/jorphan/logging/LoggingManager.java","","unknown"
"9532","jmeter","DM_DEFAULT_ENCODING","C","last","null","I18N","org.apache.jmeter.functions","org.apache.jmeter.functions.FileRowColContainer","null","load","null","FileReader","FileReader,fileName","78","78","close","https://github.com/apache/jmeter/tree/032cc396b962c0b5ac6a31f0b756d624be34efd0//src/functions/org/apache/jmeter/functions/FileRowColContainer.java#L78","https://github.com/apache/jmeter/tree/b3f452902a78827bd885e6dbf30b14d11fb4df93//src/functions/org/apache/jmeter/functions/FileRowColContainer.java","","open"
"9534","jmeter","DM_DEFAULT_ENCODING","C","last","null","I18N","org.apache.jmeter.protocol.http.control","org.apache.jmeter.protocol.http.control.AuthManager","null","addFile","null","BufferedReader","BufferedReader,FileReader,file,reader","308","308","close","https://github.com/apache/jmeter/tree/032cc396b962c0b5ac6a31f0b756d624be34efd0//src/protocol/http/org/apache/jmeter/protocol/http/control/AuthManager.java#L308","https://github.com/apache/jmeter/tree/b3f452902a78827bd885e6dbf30b14d11fb4df93//src/protocol/http/org/apache/jmeter/protocol/http/control/AuthManager.java","","open"
"9537","jmeter","DM_DEFAULT_ENCODING","C","last","null","I18N","org.apache.jmeter.assertions","org.apache.jmeter.assertions.HTMLAssertion","null","writeOutput","null","FileWriter","FileWriter,false,lFilename,lOutputWriter","200","200","close","https://github.com/apache/jmeter/tree/032cc396b962c0b5ac6a31f0b756d624be34efd0//src/components/org/apache/jmeter/assertions/HTMLAssertion.java#L200","https://github.com/apache/jmeter/tree/b3f452902a78827bd885e6dbf30b14d11fb4df93//src/components/org/apache/jmeter/assertions/HTMLAssertion.java","","open"
"9539","jmeter","DM_DEFAULT_ENCODING","C","last","null","I18N","org.apache.jmeter.protocol.http.control","org.apache.jmeter.protocol.http.control.CookieManager","null","addFile","null","BufferedReader","BufferedReader,FileReader,file,reader","190","190","close","https://github.com/apache/jmeter/tree/032cc396b962c0b5ac6a31f0b756d624be34efd0//src/protocol/http/org/apache/jmeter/protocol/http/control/CookieManager.java#L190","https://github.com/apache/jmeter/tree/b3f452902a78827bd885e6dbf30b14d11fb4df93//src/protocol/http/org/apache/jmeter/protocol/http/control/CookieManager.java","","open"
"9540","jmeter","DM_DEFAULT_ENCODING","C","last","null","I18N","org.apache.jmeter.reporters","org.apache.jmeter.reporters.ResultCollector","null","loadExistingFile","null","dataReader = new BufferedReader(new FileReader(file)); // TODO Charset ?","","334","334","close","https://github.com/apache/jmeter/tree/032cc396b962c0b5ac6a31f0b756d624be34efd0//src/core/org/apache/jmeter/reporters/ResultCollector.java#L334","https://github.com/apache/jmeter/tree/b3f452902a78827bd885e6dbf30b14d11fb4df93//src/core/org/apache/jmeter/reporters/ResultCollector.java","","open"
"9541","jmeter","DM_DEFAULT_ENCODING","C","last","null","I18N","org.apache.jmeter.services","org.apache.jmeter.services.FileServer","null","createBufferedWriter","null","OutputStreamWriter","OutputStreamWriter,fos,osw","434","434","close","https://github.com/apache/jmeter/tree/032cc396b962c0b5ac6a31f0b756d624be34efd0//src/core/org/apache/jmeter/services/FileServer.java#L434","https://github.com/apache/jmeter/tree/b3f452902a78827bd885e6dbf30b14d11fb4df93//src/core/org/apache/jmeter/services/FileServer.java","","open"
"9545","jmeter","DM_DEFAULT_ENCODING","C","last","null","I18N","org.apache.jmeter.protocol.http.sampler","org.apache.jmeter.protocol.http.sampler.PostWriter","null","sendPostData","null","file","file,getBytes,getHeader","112","112","close","https://github.com/apache/jmeter/tree/032cc396b962c0b5ac6a31f0b756d624be34efd0//src/protocol/http/org/apache/jmeter/protocol/http/sampler/PostWriter.java#L112","https://github.com/apache/jmeter/tree/b3f452902a78827bd885e6dbf30b14d11fb4df93//src/protocol/http/org/apache/jmeter/protocol/http/sampler/PostWriter.java","","open"
"9546","jmeter","DM_DEFAULT_ENCODING","C","last","null","I18N","org.apache.jmeter.protocol.http.proxy","org.apache.jmeter.protocol.http.proxy.Proxy","null","generateErrorResult","null","e.printStackTrace(new PrintStream(text));","","452","452","close","https://github.com/apache/jmeter/tree/032cc396b962c0b5ac6a31f0b756d624be34efd0//src/protocol/http/org/apache/jmeter/protocol/http/proxy/Proxy.java#L452","https://github.com/apache/jmeter/tree/b3f452902a78827bd885e6dbf30b14d11fb4df93//src/protocol/http/org/apache/jmeter/protocol/http/proxy/Proxy.java","","open"
"9550","jmeter","DM_DEFAULT_ENCODING","C","last","null","I18N","org.apache.jorphan.collections","org.apache.jorphan.collections.Data","null","getDataFromResultSet","null","String","String,o,o","385","385","close","https://github.com/apache/jmeter/tree/032cc396b962c0b5ac6a31f0b756d624be34efd0//src/jorphan/org/apache/jorphan/collections/Data.java#L385","https://github.com/apache/jmeter/tree/b3f452902a78827bd885e6dbf30b14d11fb4df93//src/jorphan/org/apache/jorphan/collections/Data.java","","unknown"
"9556","jmeter","DM_DEFAULT_ENCODING","C","last","null","I18N","org.apache.jmeter.protocol.http.control","org.apache.jmeter.protocol.http.control.HeaderManager","null","save","null","FileWriter","FileWriter,PrintWriter,file","110","110","close","https://github.com/apache/jmeter/tree/032cc396b962c0b5ac6a31f0b756d624be34efd0//src/protocol/http/org/apache/jmeter/protocol/http/control/HeaderManager.java#L110","https://github.com/apache/jmeter/tree/b3f452902a78827bd885e6dbf30b14d11fb4df93//src/protocol/http/org/apache/jmeter/protocol/http/control/HeaderManager.java","","open"
"9561","jmeter","DM_DEFAULT_ENCODING","C","last","null","I18N","org.apache.jmeter.protocol.http.sampler","org.apache.jmeter.protocol.http.sampler.AjpSampler","null","setConnectionHeaders","null","stringBody","stringBody,getBytes","297","297","close","https://github.com/apache/jmeter/tree/032cc396b962c0b5ac6a31f0b756d624be34efd0//src/protocol/http/org/apache/jmeter/protocol/http/sampler/AjpSampler.java#L297","https://github.com/apache/jmeter/tree/b3f452902a78827bd885e6dbf30b14d11fb4df93//src/protocol/http/org/apache/jmeter/protocol/http/sampler/AjpSampler.java","","open"
"9564","jmeter","DM_DEFAULT_ENCODING","C","last","null","I18N","org.apache.jmeter.protocol.http.control","org.apache.jmeter.protocol.http.control.CookieManager","null","save","null","FileWriter","FileWriter,PrintWriter,file","164","164","close","https://github.com/apache/jmeter/tree/032cc396b962c0b5ac6a31f0b756d624be34efd0//src/protocol/http/org/apache/jmeter/protocol/http/control/CookieManager.java#L164","https://github.com/apache/jmeter/tree/b3f452902a78827bd885e6dbf30b14d11fb4df93//src/protocol/http/org/apache/jmeter/protocol/http/control/CookieManager.java","","open"
"9565","jmeter","DM_DEFAULT_ENCODING","C","last","null","I18N","org.apache.jmeter.visualizers","org.apache.jmeter.visualizers.StatVisualizer","null","actionPerformed","null","writer = new FileWriter(chooser.getSelectedFile()); // TODO Charset ?","","265","265","close","https://github.com/apache/jmeter/tree/032cc396b962c0b5ac6a31f0b756d624be34efd0//src/components/org/apache/jmeter/visualizers/StatVisualizer.java#L265","https://github.com/apache/jmeter/tree/b3f452902a78827bd885e6dbf30b14d11fb4df93//src/components/org/apache/jmeter/visualizers/StatVisualizer.java","","close"
"9570","jmeter","DM_DEFAULT_ENCODING","C","last","null","I18N","org.apache.jmeter.protocol.http.proxy","org.apache.jmeter.protocol.http.proxy.HttpRequestHdr","null","parse","null","String","String,log,rawPostData,debug","151","151","close","https://github.com/apache/jmeter/tree/032cc396b962c0b5ac6a31f0b756d624be34efd0//src/protocol/http/org/apache/jmeter/protocol/http/proxy/HttpRequestHdr.java#L151","https://github.com/apache/jmeter/tree/b3f452902a78827bd885e6dbf30b14d11fb4df93//src/protocol/http/org/apache/jmeter/protocol/http/proxy/HttpRequestHdr.java","","open"
"9571","jmeter","DM_DEFAULT_ENCODING","C","last","null","I18N","org.apache.jmeter.save","org.apache.jmeter.save.SaveService","null","getOutputStreamWriter","null","OutputStreamWriter","OutputStreamWriter,outStream","545","545","close","https://github.com/apache/jmeter/tree/032cc396b962c0b5ac6a31f0b756d624be34efd0//src/core/org/apache/jmeter/save/SaveService.java#L545","https://github.com/apache/jmeter/tree/b3f452902a78827bd885e6dbf30b14d11fb4df93//src/core/org/apache/jmeter/save/SaveService.java","","close"
"9586","jmeter","DM_DEFAULT_ENCODING","C","last","null","I18N","org.apache.jmeter.protocol.http.control","org.apache.jmeter.protocol.http.control.HeaderManager","null","addFile","null","BufferedReader","BufferedReader,FileReader,file,reader","137","137","close","https://github.com/apache/jmeter/tree/032cc396b962c0b5ac6a31f0b756d624be34efd0//src/protocol/http/org/apache/jmeter/protocol/http/control/HeaderManager.java#L137","https://github.com/apache/jmeter/tree/b3f452902a78827bd885e6dbf30b14d11fb4df93//src/protocol/http/org/apache/jmeter/protocol/http/control/HeaderManager.java","","open"
"9588","jmeter","DM_DEFAULT_ENCODING","C","last","null","I18N","org.apache.jmeter.protocol.http.sampler","org.apache.jmeter.protocol.http.sampler.HTTPHC4Impl$ViewableFileBody","null","writeTo","null","out","out,getBytes,write","894","894","close","https://github.com/apache/jmeter/tree/032cc396b962c0b5ac6a31f0b756d624be34efd0//src/protocol/http/org/apache/jmeter/protocol/http/sampler/HTTPHC4Impl.java#L894","https://github.com/apache/jmeter/tree/b3f452902a78827bd885e6dbf30b14d11fb4df93//src/protocol/http/org/apache/jmeter/protocol/http/sampler/HTTPHC4Impl.java","","open"
"9589","jmeter","DM_DEFAULT_ENCODING","C","last","null","I18N","org.apache.jmeter.protocol.system","org.apache.jmeter.protocol.system.SystemSampler","null","sample","null","nativeCommand","nativeCommand,results,getBytes,getOutResult,setResponseData","185","185","close","https://github.com/apache/jmeter/tree/032cc396b962c0b5ac6a31f0b756d624be34efd0//src/protocol/native/org/apache/jmeter/protocol/system/SystemSampler.java#L185","https://github.com/apache/jmeter/tree/b3f452902a78827bd885e6dbf30b14d11fb4df93//src/protocol/native/org/apache/jmeter/protocol/system/SystemSampler.java","","open"
"9590","jmeter","DM_DEFAULT_ENCODING","C","last","null","I18N","org.apache.jmeter.functions","org.apache.jmeter.functions.StringFromFile","null","openFile","null","BufferedReader","BufferedReader,FileReader,fileName,myBread","201","201","close","https://github.com/apache/jmeter/tree/032cc396b962c0b5ac6a31f0b756d624be34efd0//src/functions/org/apache/jmeter/functions/StringFromFile.java#L201","https://github.com/apache/jmeter/tree/b3f452902a78827bd885e6dbf30b14d11fb4df93//src/functions/org/apache/jmeter/functions/StringFromFile.java","","open"
"9592","jmeter","DM_DEFAULT_ENCODING","C","last","null","I18N","org.apache.jmeter.protocol.http.util","org.apache.jmeter.protocol.http.util.Base64Encoder","null","encode","null","encode","encode,s,getBytes","41","41","close","https://github.com/apache/jmeter/tree/032cc396b962c0b5ac6a31f0b756d624be34efd0//src/protocol/http/org/apache/jmeter/protocol/http/util/Base64Encoder.java#L41","https://github.com/apache/jmeter/tree/b3f452902a78827bd885e6dbf30b14d11fb4df93//src/protocol/http/org/apache/jmeter/protocol/http/util/Base64Encoder.java","","open"
"9599","jmeter","DM_DEFAULT_ENCODING","C","last","null","I18N","org.apache.jmeter.save","org.apache.jmeter.save.SaveService","null","getInputStreamReader","null","InputStreamReader","InputStreamReader,inStream","533","533","close","https://github.com/apache/jmeter/tree/032cc396b962c0b5ac6a31f0b756d624be34efd0//src/core/org/apache/jmeter/save/SaveService.java#L533","https://github.com/apache/jmeter/tree/b3f452902a78827bd885e6dbf30b14d11fb4df93//src/core/org/apache/jmeter/save/SaveService.java","","close"
"9604","jmeter","DM_DEFAULT_ENCODING","C","last","null","I18N","org.apache.jmeter.assertions","org.apache.jmeter.assertions.HTMLAssertion","null","getResult","null","log","log,os,debug,toString","148","148","close","https://github.com/apache/jmeter/tree/032cc396b962c0b5ac6a31f0b756d624be34efd0//src/components/org/apache/jmeter/assertions/HTMLAssertion.java#L148","https://github.com/apache/jmeter/tree/b3f452902a78827bd885e6dbf30b14d11fb4df93//src/components/org/apache/jmeter/assertions/HTMLAssertion.java","","open"
"9613","jmeter","DM_DEFAULT_ENCODING","C","last","null","I18N","org.apache.jmeter.util","org.apache.jmeter.util.JSR223TestElement","null","processFileOrScript","null","fileReader = new BufferedReader(new FileReader(scriptFile),","","164","164","close","https://github.com/apache/jmeter/tree/032cc396b962c0b5ac6a31f0b756d624be34efd0//src/core/org/apache/jmeter/util/JSR223TestElement.java#L164","https://github.com/apache/jmeter/tree/b3f452902a78827bd885e6dbf30b14d11fb4df93//src/core/org/apache/jmeter/util/JSR223TestElement.java","","open"
"9618","jmeter","DM_DEFAULT_ENCODING","C","last","null","I18N","org.apache.jmeter.protocol.tcp.sampler","org.apache.jmeter.protocol.tcp.sampler.TCPClientImpl","null","read","null","log","log,w,w,debug,size,toString","113","113","close","https://github.com/apache/jmeter/tree/032cc396b962c0b5ac6a31f0b756d624be34efd0//src/protocol/tcp/org/apache/jmeter/protocol/tcp/sampler/TCPClientImpl.java#L113","https://github.com/apache/jmeter/tree/b3f452902a78827bd885e6dbf30b14d11fb4df93//src/protocol/tcp/org/apache/jmeter/protocol/tcp/sampler/TCPClientImpl.java","","open"
"9624","jmeter","DM_DEFAULT_ENCODING","C","last","null","I18N","org.apache.jmeter.protocol.jdbc.sampler","org.apache.jmeter.protocol.jdbc.sampler.JDBCSampler","null","sample","null","res.setResponseData(ex.getMessage().getBytes());","","95","95","close","https://github.com/apache/jmeter/tree/032cc396b962c0b5ac6a31f0b756d624be34efd0//src/protocol/jdbc/org/apache/jmeter/protocol/jdbc/sampler/JDBCSampler.java#L95","https://github.com/apache/jmeter/tree/b3f452902a78827bd885e6dbf30b14d11fb4df93//src/protocol/jdbc/org/apache/jmeter/protocol/jdbc/sampler/JDBCSampler.java","","open"
"9626","jmeter","DM_DEFAULT_ENCODING","C","last","null","I18N","org.apache.jmeter.services","org.apache.jmeter.services.FileServer","null","createBufferedReader","null","InputStreamReader","InputStreamReader,fis,isr","405","405","close","https://github.com/apache/jmeter/tree/032cc396b962c0b5ac6a31f0b756d624be34efd0//src/core/org/apache/jmeter/services/FileServer.java#L405","https://github.com/apache/jmeter/tree/b3f452902a78827bd885e6dbf30b14d11fb4df93//src/core/org/apache/jmeter/services/FileServer.java","","open"
"9639","jmeter","DM_DEFAULT_ENCODING","C","last","null","I18N","org.apache.jmeter.protocol.ftp.sampler","org.apache.jmeter.protocol.ftp.sampler.FTPSampler","null","sample","null","contents","contents,getBytes","210","210","close","https://github.com/apache/jmeter/tree/032cc396b962c0b5ac6a31f0b756d624be34efd0//src/protocol/ftp/org/apache/jmeter/protocol/ftp/sampler/FTPSampler.java#L210","https://github.com/apache/jmeter/tree/b3f452902a78827bd885e6dbf30b14d11fb4df93//src/protocol/ftp/org/apache/jmeter/protocol/ftp/sampler/FTPSampler.java","","open"
"9641","jmeter","DM_DEFAULT_ENCODING","C","last","null","I18N","org.apache.jmeter.samplers","org.apache.jmeter.samplers.SampleResult","null","getResponseDataAsString","null","String","String,responseData","702","702","close","https://github.com/apache/jmeter/tree/032cc396b962c0b5ac6a31f0b756d624be34efd0//src/core/org/apache/jmeter/samplers/SampleResult.java#L702","https://github.com/apache/jmeter/tree/b3f452902a78827bd885e6dbf30b14d11fb4df93//src/core/org/apache/jmeter/samplers/SampleResult.java","","close"
"9642","jmeter","DM_DEFAULT_ENCODING","C","last","null","I18N","org.apache.jmeter.visualizers","org.apache.jmeter.visualizers.SummaryReport","null","actionPerformed","null","writer = new FileWriter(chooser.getSelectedFile());","","260","260","close","https://github.com/apache/jmeter/tree/032cc396b962c0b5ac6a31f0b756d624be34efd0//src/components/org/apache/jmeter/visualizers/SummaryReport.java#L260","https://github.com/apache/jmeter/tree/b3f452902a78827bd885e6dbf30b14d11fb4df93//src/components/org/apache/jmeter/visualizers/SummaryReport.java","","close"
"9646","jmeter","DM_DEFAULT_ENCODING","C","last","null","I18N","org.apache.jorphan.io","org.apache.jorphan.io.TextFile","null","setText","null","FileWriter","FileWriter,this,writer","116","116","close","https://github.com/apache/jmeter/tree/032cc396b962c0b5ac6a31f0b756d624be34efd0//src/jorphan/org/apache/jorphan/io/TextFile.java#L116","https://github.com/apache/jmeter/tree/b3f452902a78827bd885e6dbf30b14d11fb4df93//src/jorphan/org/apache/jorphan/io/TextFile.java","","open"
"9653","jmeter","DM_DEFAULT_ENCODING","C","last","null","I18N","org.apache.jmeter.protocol.jms.sampler","org.apache.jmeter.protocol.jms.sampler.SubscriberSampler","null","sample","null","buffer","buffer,result,getBytes,setResponseData,toString","192","192","close","https://github.com/apache/jmeter/tree/032cc396b962c0b5ac6a31f0b756d624be34efd0//src/protocol/jms/org/apache/jmeter/protocol/jms/sampler/SubscriberSampler.java#L192","https://github.com/apache/jmeter/tree/b3f452902a78827bd885e6dbf30b14d11fb4df93//src/protocol/jms/org/apache/jmeter/protocol/jms/sampler/SubscriberSampler.java","","open"
"9666","jmeter","DM_DEFAULT_ENCODING","C","last","null","I18N","org.apache.jmeter.protocol.mongodb.sampler","org.apache.jmeter.protocol.mongodb.sampler.MongoScriptSampler","null","sample","null","res","res,resultAsString,getBytes,setResponseData","80","80","close","https://github.com/apache/jmeter/tree/032cc396b962c0b5ac6a31f0b756d624be34efd0//src/protocol/mongodb/org/apache/jmeter/protocol/mongodb/sampler/MongoScriptSampler.java#L80","https://github.com/apache/jmeter/tree/b3f452902a78827bd885e6dbf30b14d11fb4df93//src/protocol/mongodb/org/apache/jmeter/protocol/mongodb/sampler/MongoScriptSampler.java","","open"
"9667","jmeter","DM_DEFAULT_ENCODING","C","last","null","I18N","org.apache.jmeter.util","org.apache.jmeter.util.BeanShellClient","null","main","null","FileReader","FileReader,file","59","59","close","https://github.com/apache/jmeter/tree/032cc396b962c0b5ac6a31f0b756d624be34efd0//src/core/org/apache/jmeter/util/BeanShellClient.java#L59","https://github.com/apache/jmeter/tree/b3f452902a78827bd885e6dbf30b14d11fb4df93//src/core/org/apache/jmeter/util/BeanShellClient.java","","open"
"9474","jmeter","DM_DEFAULT_ENCODING","A","last","null","I18N","org.apache.jmeter.assertions","org.apache.jmeter.assertions.XMLSchemaAssertion","null","getResult","null","String","String,data,getResultBody","74","74","close","https://github.com/apache/jmeter/tree/e21247b3b461bf0af80f0e80cb876dfb1f83ca9f//src/components/org/apache/jmeter/assertions/XMLSchemaAssertion.java#L74","https://github.com/apache/jmeter/tree/b3f452902a78827bd885e6dbf30b14d11fb4df93//src/components/org/apache/jmeter/assertions/XMLSchemaAssertion.java","","close"
"9493","jmeter","DM_DEFAULT_ENCODING","A","last","null","I18N","org.apache.jmeter.protocol.http.proxy","org.apache.jmeter.protocol.http.proxy.Proxy","null","writeToClient","null","out.write(responseHeaders.getBytes()); // TODO - charset?","","434","434","close","https://github.com/apache/jmeter/tree/e21247b3b461bf0af80f0e80cb876dfb1f83ca9f//src/protocol/http/org/apache/jmeter/protocol/http/proxy/Proxy.java#L434","https://github.com/apache/jmeter/tree/b3f452902a78827bd885e6dbf30b14d11fb4df93//src/protocol/http/org/apache/jmeter/protocol/http/proxy/Proxy.java","","close"
"9520","jmeter","DM_DEFAULT_ENCODING","A","last","null","I18N","org.apache.jmeter.protocol.http.sampler","org.apache.jmeter.protocol.http.sampler.HTTPHC4Impl","null","sendPostData","null","String","String,bos,postedBody,append,toByteArray","968","968","close","https://github.com/apache/jmeter/tree/e21247b3b461bf0af80f0e80cb876dfb1f83ca9f//src/protocol/http/org/apache/jmeter/protocol/http/sampler/HTTPHC4Impl.java#L968","https://github.com/apache/jmeter/tree/b3f452902a78827bd885e6dbf30b14d11fb4df93//src/protocol/http/org/apache/jmeter/protocol/http/sampler/HTTPHC4Impl.java","","close"
"9536","jmeter","DM_DEFAULT_ENCODING","A","last","null","I18N","org.apache.jmeter.protocol.http.proxy","org.apache.jmeter.protocol.http.proxy.HttpRequestHdr","null","populateSampler","null","postData = new String(rawPostData);","","380","380","close","https://github.com/apache/jmeter/tree/e21247b3b461bf0af80f0e80cb876dfb1f83ca9f//src/protocol/http/org/apache/jmeter/protocol/http/proxy/HttpRequestHdr.java#L380","https://github.com/apache/jmeter/tree/b3f452902a78827bd885e6dbf30b14d11fb4df93//src/protocol/http/org/apache/jmeter/protocol/http/proxy/HttpRequestHdr.java","","unknown"
"9660","jmeter","DM_DEFAULT_ENCODING","A","last","null","I18N","org.apache.jmeter.save","org.apache.jmeter.save.CSVSaveService","null","processSamples","null","dataReader = new BufferedReader(new FileReader(filename)); // TODO Charset ?","","131","131","close","https://github.com/apache/jmeter/tree/e21247b3b461bf0af80f0e80cb876dfb1f83ca9f//src/core/org/apache/jmeter/save/CSVSaveService.java#L131","https://github.com/apache/jmeter/tree/b3f452902a78827bd885e6dbf30b14d11fb4df93//src/core/org/apache/jmeter/save/CSVSaveService.java","","close"
"9662","jmeter","DM_DEFAULT_ENCODING","A","last","null","I18N","org.apache.jmeter.protocol.http.util","org.apache.jmeter.protocol.http.util.LoopbackHTTPSocket","null","<init>","null","os","os,getBytes,write","69","69","close","https://github.com/apache/jmeter/tree/e21247b3b461bf0af80f0e80cb876dfb1f83ca9f//src/protocol/http/org/apache/jmeter/protocol/http/util/LoopbackHTTPSocket.java#L69","https://github.com/apache/jmeter/tree/b3f452902a78827bd885e6dbf30b14d11fb4df93//src/protocol/http/org/apache/jmeter/protocol/http/util/LoopbackHTTPSocket.java","","close"
"9665","jmeter","DM_DEFAULT_ENCODING","A","last","null","I18N","org.apache.jmeter.protocol.tcp.sampler","org.apache.jmeter.protocol.tcp.sampler.TCPClientImpl","null","write","null","os","os,s,getBytes,write","63","63","close","https://github.com/apache/jmeter/tree/e21247b3b461bf0af80f0e80cb876dfb1f83ca9f//src/protocol/tcp/org/apache/jmeter/protocol/tcp/sampler/TCPClientImpl.java#L63","https://github.com/apache/jmeter/tree/b3f452902a78827bd885e6dbf30b14d11fb4df93//src/protocol/tcp/org/apache/jmeter/protocol/tcp/sampler/TCPClientImpl.java","","close"
"9581","jmeter","DM_DEFAULT_ENCODING","B","last","null","I18N","org.apache.jmeter.assertions","org.apache.jmeter.assertions.XMLAssertion","null","getResult","null","String","String,getResultBody,responseData","69","69","close","https://github.com/apache/jmeter/tree/adca9fe1d982342e0cec8d1e410dabd0967bb852//src/components/org/apache/jmeter/assertions/XMLAssertion.java#L69","https://github.com/apache/jmeter/tree/b3f452902a78827bd885e6dbf30b14d11fb4df93//src/components/org/apache/jmeter/assertions/XMLAssertion.java","","close"
"9608","jmeter","DM_DEFAULT_ENCODING","B","last","null","I18N","org.apache.jmeter.protocol.http.sampler","org.apache.jmeter.protocol.http.sampler.HTTPSampleResult","null","getDataEncodingWithDefault","null","Math","Math,String,bytes,bytes,java,ENGLISH,Locale,length,min,toLowerCase,util","212","212","close","https://github.com/apache/jmeter/tree/adca9fe1d982342e0cec8d1e410dabd0967bb852//src/protocol/http/org/apache/jmeter/protocol/http/sampler/HTTPSampleResult.java#L212","https://github.com/apache/jmeter/tree/b3f452902a78827bd885e6dbf30b14d11fb4df93//src/protocol/http/org/apache/jmeter/protocol/http/sampler/HTTPSampleResult.java","","close"
"4153","cassandra","DM_DEFAULT_ENCODING","C","last","null","I18N","org.apache.cassandra.utils","org.apache.cassandra.utils.BytesReadTrackerTest","null","testReadLine","null","ByteArrayInputStream","ByteArrayInputStream,DataInputStream,getBytes","202","202","close","https://github.com/apache/cassandra/tree/4ed2234078c4d302c256332252a8ddd6ae345484//test/unit/org/apache/cassandra/utils/BytesReadTrackerTest.java#L202","https://github.com/apache/cassandra/tree/f3e38cb638113c2a23855a104d6082da5bc10ddb//test/unit/org/apache/cassandra/utils/BytesReadTrackerTest.java","","unknown"
"4600","cassandra","DM_DEFAULT_ENCODING","C","last","null","I18N","org.apache.cassandra.stress.util","org.apache.cassandra.stress.util.Operation","null","getUnQuotedCqlBlob","null","getUnQuotedCqlBlob","getUnQuotedCqlBlob,isCQL3,term,getBytes","240","240","close","https://github.com/apache/cassandra/tree/4ed2234078c4d302c256332252a8ddd6ae345484//tools/stress/src/org/apache/cassandra/stress/util/Operation.java#L240","https://github.com/apache/cassandra/tree/f3e38cb638113c2a23855a104d6082da5bc10ddb//tools/stress/src/org/apache/cassandra/stress/util/Operation.java","","unknown"
"7295","cassandra","DM_DEFAULT_ENCODING","C","last","null","I18N","org.apache.cassandra.utils","org.apache.cassandra.utils.BytesReadTrackerTest","null","testSkipBytesAndReadFully","null","testStr","testStr,getBytes","168","168","close","https://github.com/apache/cassandra/tree/4ed2234078c4d302c256332252a8ddd6ae345484//test/unit/org/apache/cassandra/utils/BytesReadTrackerTest.java#L168","https://github.com/apache/cassandra/tree/f3e38cb638113c2a23855a104d6082da5bc10ddb//test/unit/org/apache/cassandra/utils/BytesReadTrackerTest.java","","unknown"
"8317","cassandra","DM_DEFAULT_ENCODING","C","last","null","I18N","org.apache.cassandra.db","org.apache.cassandra.db.NameSortTest","null","validateNameSort","null","ByteBufferUtil","ByteBufferUtil,String,assertEquals,bytes,column,string,value","108","108","close","https://github.com/apache/cassandra/tree/4ed2234078c4d302c256332252a8ddd6ae345484//test/unit/org/apache/cassandra/db/NameSortTest.java#L108","https://github.com/apache/cassandra/tree/f3e38cb638113c2a23855a104d6082da5bc10ddb//test/unit/org/apache/cassandra/db/NameSortTest.java","","unknown"
"8522","cassandra","DM_DEFAULT_ENCODING","C","last","null","I18N","org.apache.cassandra.db","org.apache.cassandra.db.ColumnFamilyStoreTest$6","null","apply","null","String","String,arg0,array,name","1980","1980","close","https://github.com/apache/cassandra/tree/4ed2234078c4d302c256332252a8ddd6ae345484//test/unit/org/apache/cassandra/db/ColumnFamilyStoreTest.java#L1980","https://github.com/apache/cassandra/tree/f3e38cb638113c2a23855a104d6082da5bc10ddb//test/unit/org/apache/cassandra/db/ColumnFamilyStoreTest.java","","unknown"
"8975","cassandra","DM_DEFAULT_ENCODING","A","last","null","I18N","org.apache.cassandra.db","org.apache.cassandra.db.SchemaCheckVerbHandler","null","doVerb","null","Schema","Schema,message,message,getBytes,getInternalReply,getVersion,getVersion,instance,toString","37","37","close","https://github.com/apache/cassandra/tree/7efab48e72247734ae38eabfc61a9ff0a5aa87ec//src/java/org/apache/cassandra/db/SchemaCheckVerbHandler.java#L37","https://github.com/apache/cassandra/tree/f3e38cb638113c2a23855a104d6082da5bc10ddb//src/java/org/apache/cassandra/db/SchemaCheckVerbHandler.java","","unknown"
"6725","cassandra","DM_DEFAULT_ENCODING","B","last","null","I18N","org.apache.cassandra.db.compaction","org.apache.cassandra.db.compaction.CompactionsTest","null","testBlacklisting","null","ByteArrayOutputStream","ByteArrayOutputStream,PrintStream,System,setErr","373","373","close","https://github.com/apache/cassandra/tree/69337a43670f71ae1fc55e23d6a9031230423900//test/unit/org/apache/cassandra/db/compaction/CompactionsTest.java#L373","https://github.com/apache/cassandra/tree/f3e38cb638113c2a23855a104d6082da5bc10ddb//test/unit/org/apache/cassandra/db/compaction/CompactionsTest.java","","unknown"
"9007","cassandra","DM_DEFAULT_ENCODING","B","last","null","I18N","org.apache.cassandra.db.compaction","org.apache.cassandra.db.compaction.CompactionsPurgeTest","null","testCompactionPurgeTombstonedSuperColumn","null","ByteBuffer","ByteBuffer,ByteBufferUtil,QueryPath,String,cfName,i,i,rm,scName,EMPTY_BYTE_BUFFER,add,getBytes,valueOf,wrap","300","300","close","https://github.com/apache/cassandra/tree/69337a43670f71ae1fc55e23d6a9031230423900//test/unit/org/apache/cassandra/db/compaction/CompactionsPurgeTest.java#L300","https://github.com/apache/cassandra/tree/f3e38cb638113c2a23855a104d6082da5bc10ddb//test/unit/org/apache/cassandra/db/compaction/CompactionsPurgeTest.java","","unknown"